,player_id,hand,dob,ioc,rank,points,wins,losses,total,name
0,100644,R,19970420,GER,3,7795,334.0,150.0,484.0,Alexander Zverev
1,103175,R,19780419,JPN,1038,9,4.0,2.0,6.0,Toshihide Matsui
2,103220,R,19780618,KOR,1422,3,1.0,0.0,1.0,Oh Hee Kwon
3,103333,R,19790228,CRO,396,108,373.0,346.0,719.0,Ivo Karlovic
4,103590,R,19800711,COL,1560,2,8.0,4.0,12.0,Michael Quintero
5,103708,R,19810209,CZE,761,24,1.0,7.0,8.0,Jaroslav Pospisil
6,103819,R,19810808,SUI,50,1030,1259.0,280.0,1539.0,Roger Federer
7,103852,L,19810920,ESP,113,537,509.0,482.0,991.0,Feliciano Lopez
8,103893,R,19811215,ITA,494,71,110.0,185.0,295.0,Paolo Lorenzi
9,103917,R,19820121,FRA,544,57,181.0,226.0,407.0,Nicolas Mahut
10,103926,L,19820129,ESP,1504,2,9.0,28.0,37.0,Daniel Munoz de la Nava
11,103990,R,19820501,ESP,510,64,534.0,362.0,896.0,Tommy Robredo
12,104070,R,19821015,USA,1712,1,2.0,9.0,11.0,Jesse Witten
13,104198,R,19830604,ESP,624,39,299.0,354.0,653.0,Guillermo Garcia Lopez
14,104229,R,19830814,TPE,800,20,162.0,236.0,398.0,Yen Hsun Lu
15,104251,R,19831003,TPE,1389,3,15.0,20.0,35.0,Ti Chen
16,104259,R,19831016,GER,153,422,482.0,400.0,882.0,Philipp Kohlschreiber
17,104269,L,19831115,ESP,118,530,558.0,438.0,996.0,Fernando Verdasco
18,104291,R,19840120,TUN,341,136,100.0,142.0,242.0,Malek Jaziri
19,104297,R,19840203,BRA,642,36,30.0,65.0,95.0,Rogerio Dutra Silva
20,104312,R,19840221,ITA,141,466,388.0,421.0,809.0,Andreas Seppi
21,104327,R,19840313,BEL,680,32,119.0,137.0,256.0,Steve Darcis
22,104386,R,19840622,SRB,769,23,289.0,261.0,550.0,Janko Tipsarevic
23,104424,R,19840905,JPN,297,169,56.0,92.0,148.0,Go Soeda
24,104460,R,19841208,GER,599,45,62.0,99.0,161.0,Dustin Brown
25,104467,R,19841222,ALG,910,14,20.0,19.0,39.0,Lamine Ouahab
26,104468,R,19841227,FRA,134,481,504.0,393.0,897.0,Gilles Simon
27,104505,R,19850223,RUS,592,47,10.0,28.0,38.0,Konstantin Kravchuk
28,104523,R,19850324,POR,912,14,67.0,76.0,143.0,Frederico Gil
29,104527,R,19850328,SUI,258,214,538.0,316.0,854.0,Stan Wawrinka
30,104534,R,19850404,ISR,650,35,142.0,194.0,336.0,Dudi Sela
31,104545,R,19850426,USA,25,1696,468.0,295.0,763.0,John Isner
32,104559,R,19850523,RUS,443,90,116.0,200.0,316.0,Teymuraz Gabashvili
33,104563,R,19850604,ITA,963,12,5.0,18.0,23.0,Luca Vanni
34,104586,R,19850724,CZE,260,213,124.0,158.0,282.0,Lukas Rosol
35,104593,R,19850807,ESP,759,24,97.0,173.0,270.0,Daniel Gimeno Traver
36,104629,R,19851028,ESP,357,125,6.0,18.0,24.0,Adrian Menendez Maceiras
37,104646,R,19851207,IND,1504,2,0.0,1.0,1.0,Purav Raja
38,104655,R,19860101,URU,145,443,241.0,223.0,464.0,Pablo Cuevas
39,104660,R,19860106,UKR,327,152,173.0,215.0,388.0,Sergiy Stakhovsky
40,104665,R,19860123,ESP,101,625,163.0,236.0,399.0,Pablo Andujar
41,104678,R,19860210,SRB,347,130,298.0,274.0,572.0,Viktor Troicki
42,104719,R,19860412,ESP,389,111,203.0,250.0,453.0,Marcel Granollers
43,104729,R,19860512,RUS,567,52,0.0,2.0,2.0,Ivan Nedelko
44,104735,R,19860521,GER,317,158,63.0,103.0,166.0,Tobias Kamke
45,104745,L,19860603,ESP,4,7525,1067.0,217.0,1284.0,Rafael Nadal
46,104755,R,19860618,FRA,72,853,576.0,365.0,941.0,Richard Gasquet
47,104792,R,19860901,FRA,24,1715,525.0,307.0,832.0,Gael Monfils
48,104797,R,19860907,UZB,320,157,231.0,266.0,497.0,Denis Istomin
49,104810,R,19860920,CHN,565,52,6.0,13.0,19.0,Zhe Li
50,104868,R,19870209,GBR,782,22,25.0,61.0,86.0,James Ward
51,104871,R,19870212,FRA,388,111,299.0,303.0,602.0,Jeremy Chardy
52,104873,R,19870215,KAZ,830,18,6.0,26.0,32.0,Aleksandr Nedovyesov
53,104882,R,19870305,SLO,863,16,58.0,90.0,148.0,Blaz Kavcic
54,104897,R,19870402,GER,362,122,31.0,55.0,86.0,Matthias Bachinger
55,104898,R,19870406,NED,256,216,231.0,270.0,501.0,Robin Haase
56,104901,R,19870410,EST,1058,9,6.0,7.0,13.0,Vladimir Ivanov
57,104905,R,19870424,COL,353,126,0.0,3.0,3.0,Nicolas Barrientos
58,104907,R,19870425,NZL,620,40,23.0,26.0,49.0,Jose Rubin Statham
59,104908,R,19870425,NZL,1619,2,1.0,1.0,2.0,Mikal Oliver Statham
60,104917,R,19870512,MAR,1321,4,0.0,1.0,1.0,Anas Fattar
61,104918,R,19870515,GBR,68,890,712.0,228.0,940.0,Andy Murray
62,104919,R,19870515,ARG,552,54,180.0,198.0,378.0,Leonardo Mayer
63,104925,R,19870522,SRB,1,8770,1019.0,204.0,1223.0,Novak Djokovic
64,104926,R,19870524,ITA,52,1011,400.0,352.0,752.0,Fabio Fognini
65,104932,L,19870529,FRA,371,117,27.0,61.0,88.0,Kenny De Schepper
66,104947,R,19870611,TUR,690,32,33.0,59.0,92.0,Marsel Ilhan
67,104960,R,19870621,MEX,1265,4,4.0,4.0,8.0,Miguel Angel Reyes Varela
68,104963,R,19870625,BEL,666,34,1.0,2.0,3.0,Yannick Mertens
69,104970,R,19870707,ITA,425,94,4.0,13.0,17.0,Matteo Viola
70,104978,R,19870717,GER,978,11,60.0,93.0,153.0,Daniel Brands
71,104979,R,19870722,KAZ,1083,8,67.0,117.0,184.0,Andrey Golubev
72,104986,R,19870727,IND,1204,5,1.0,4.0,5.0,Vishnu Vardhan
73,104997,R,19870818,NED,509,65,50.0,90.0,140.0,Igor Sijsling
74,104999,L,19870822,GER,598,45,134.0,200.0,334.0,Mischa Zverev
75,105001,R,19870824,CHN,1373,3,2.0,6.0,8.0,Mao Xin Gong
76,105011,R,19870908,UKR,247,224,65.0,95.0,160.0,Illya Marchenko
77,105023,R,19871007,USA,107,580,385.0,324.0,709.0,Sam Querrey
78,105026,U,19871012,JPN,921,14,0.0,1.0,1.0,Takuto Niki
79,105031,R,19871019,IND,813,19,2.0,3.0,5.0,Saketh Myneni
80,105041,R,19871103,SVK,242,230,98.0,148.0,246.0,Lukas Lacko
81,105051,R,19871126,AUS,432,92,79.0,127.0,206.0,Matthew Ebden
82,105053,R,19871127,COL,1143,6,167.0,205.0,372.0,Santiago Giraldo
83,105059,L,19871219,JPN,907,15,0.0,1.0,1.0,Kento Takeuchi
84,105060,R,19871221,BIH,361,124,8.0,7.0,15.0,Aldin Setkic
85,105062,R,19871226,KAZ,166,354,172.0,229.0,401.0,Mikhail Kukushkin
86,105063,L,19871227,ITA,218,265,4.0,10.0,14.0,Andrea Arnaboldi
87,105064,L,19871230,BRA,1117,7,203.0,218.0,421.0,Thomaz Bellucci
88,105065,R,19871230,USA,703,29,43.0,85.0,128.0,Tim Smyczek
89,105074,L,19880114,BEL,316,158,30.0,61.0,91.0,Ruben Bemelmans
90,105077,L,19880117,ESP,43,1093,256.0,282.0,538.0,Albert Ramos
91,105085,U,19880202,UKR,1816,1,2.0,8.0,10.0,Artem Smirnov
92,105091,R,19880210,GER,949,12,0.0,2.0,2.0,Peter Torebko
93,105132,R,19880329,EST,981,11,24.0,39.0,63.0,Jurgen Zopp
94,105138,R,19880414,ESP,20,1880,357.0,215.0,572.0,Roberto Bautista Agut
95,105147,R,19880518,JPN,433,92,36.0,66.0,102.0,Tatsuma Ito
96,105155,R,19880527,POR,324,153,17.0,30.0,47.0,Pedro Sousa
97,105156,U,19880530,BOL,612,42,4.0,11.0,15.0,Federico Zeballos
98,105161,R,19880607,SUI,1560,2,2.0,5.0,7.0,Yann Marti
99,105163,R,19880610,FRA,771,23,1.0,3.0,4.0,Gleb Sakharov
100,105166,R,19880615,CAN,377,115,19.0,45.0,64.0,Peter Polansky
101,105173,L,19880629,FRA,70,858,228.0,275.0,503.0,Adrian Mannarino
102,105180,L,19880705,BRA,238,238,0.0,1.0,1.0,Daniel Dutra Da Silva
103,105181,R,19880712,SRB,270,199,1.0,2.0,3.0,Miljan Zekic
104,105208,R,19880830,LAT,373,116,245.0,239.0,484.0,Ernests Gulbis
105,105216,R,19880918,JPN,274,195,56.0,90.0,146.0,Yuichi Sugita
106,105217,R,19880919,NED,1614,2,70.0,94.0,164.0,Thiemo De Bakker
107,105223,R,19880923,ARG,770,23,443.0,178.0,621.0,Juan Martin del Potro
108,105226,R,19880927,HUN,279,187,28.0,25.0,53.0,Attila Balazs
109,105227,R,19880928,CRO,17,2370,569.0,321.0,890.0,Marin Cilic
110,105271,L,19890120,ECU,1416,3,4.0,5.0,9.0,Gonzalo Escobar
111,105273,R,19890102,PER,1088,8,15.0,15.0,30.0,Mauricio Echazu
112,105283,R,19890130,ESP,1210,5,0.0,4.0,4.0,Gerard Granollers
113,105292,R,19890207,COL,469,80,18.0,43.0,61.0,Alejandro Gonzalez
114,105311,R,19890330,POR,63,936,208.0,245.0,453.0,Joao Sousa
115,105331,L,19890507,ROU,1397,3,0.0,4.0,4.0,Petru Alexandru Luncanu
116,105332,R,19890508,FRA,80,784,240.0,284.0,524.0,Benoit Paire
117,105339,R,19890521,CHN,486,73,5.0,8.0,13.0,Yan Bai
118,105341,R,19890526,ITA,191,318,27.0,63.0,90.0,Thomas Fabbiano
119,105349,R,19890604,FIN,979,11,8.0,16.0,24.0,Harri Heliovaara
120,105357,R,19890614,AUS,93,698,116.0,142.0,258.0,John Millman
121,105359,R,19890615,TPE,249,222,10.0,21.0,31.0,Jason Jung
122,105373,L,19890711,SVK,562,53,147.0,156.0,303.0,Martin Klizan
123,105376,R,19890715,GER,95,682,74.0,93.0,167.0,Peter Gojowczyk
124,105379,R,19890718,SLO,161,361,137.0,156.0,293.0,Aljaz Bedene
125,105385,L,19890723,USA,601,45,126.0,190.0,316.0,Donald Young
126,105406,R,19890830,ITA,397,108,3.0,4.0,7.0,Roberto Marcora
127,105413,R,19890920,SVK,158,386,27.0,38.0,65.0,Andrej Martin
128,105430,R,19891111,MDA,121,520,90.0,122.0,212.0,Radu Albot
129,105432,L,19891112,IND,280,187,10.0,27.0,37.0,Prajnesh Gunneswaran
130,105434,R,19891118,RSA,1048,9,3.0,7.0,10.0,Ruan Roelofse
131,105436,R,19891129,SWE,551,55,5.0,8.0,13.0,Markus Eriksson
132,105438,R,19891130,ESP,1666,2,17.0,32.0,49.0,Inigo Cervantes Huegun
133,105440,R,19891204,SRB,1712,1,0.0,1.0,1.0,Arsenije Zlatanovic
134,105441,L,19890124,AUS,864,16,5.0,22.0,27.0,John Patrick Smith
135,105449,R,19891224,USA,87,726,189.0,190.0,379.0,Steve Johnson
136,105453,R,19891229,JPN,84,745,434.0,217.0,651.0,Kei Nishikori
137,105454,R,19891231,AUS,1220,5,3.0,11.0,14.0,Brydan Klein
138,105456,R,19900102,PER,1278,4,5.0,1.0,6.0,Sergio Galdos
139,105471,R,19900125,MEX,1281,4,8.0,11.0,19.0,Cesar Ramirez
140,105477,R,19900131,ARG,177,335,13.0,18.0,31.0,Marco Trungelliti
141,105479,R,19900202,BOL,936,13,0.0,1.0,1.0,Alejandro Mendoza
142,105487,L,19900227,ARG,105,601,34.0,70.0,104.0,Facundo Bagnis
143,105493,R,19900309,BIH,1045,9,3.0,9.0,12.0,Tomislav Brkic
144,105497,U,19900313,DOM,781,22,11.0,15.0,26.0,Jose Hernandez
145,105502,R,19900318,IND,882,15,0.0,1.0,1.0,N Sriram Balaji
146,105512,R,19900403,USA,691,31,2.0,4.0,6.0,Alexander Sarkissian
147,105515,U,19900423,ESP,1712,1,0.0,2.0,2.0,Jordi Samper Montana
148,105526,R,19900425,GER,103,613,166.0,199.0,365.0,Jan Lennard Struff
149,105529,R,19900430,ESP,536,59,0.0,1.0,1.0,Carlos Gomez Herrera
150,105539,R,19900509,RUS,213,280,55.0,117.0,172.0,Evgeny Donskoy
151,105550,L,19900517,ARG,131,485,120.0,139.0,259.0,Guido Pella
152,105554,R,19900523,GBR,35,1214,111.0,118.0,229.0,Daniel Evans
153,105559,L,19900527,FRA,705,29,0.0,4.0,4.0,Jonathan Eysseric
154,105561,L,19900530,ITA,196,311,13.0,22.0,35.0,Alessandro Giannessi
155,105566,R,19900607,IRI,1816,1,4.0,6.0,10.0,Shahin Khaledan
156,105575,R,19900621,LTU,98,655,128.0,146.0,274.0,Ricardas Berankis
157,105577,R,19900623,CAN,136,479,132.0,170.0,302.0,Vasek Pospisil
158,105578,R,19900624,COL,440,91,1.0,0.0,1.0,Cristian Rodriguez
159,105583,R,19900630,SRB,69,861,159.0,210.0,369.0,Dusan Lajovic
160,105585,R,19900704,CHN,924,13,19.0,41.0,60.0,Ze Zhang
161,105587,R,19900710,SLO,917,14,1.0,3.0,4.0,Tom Kocevar Desman
162,105589,L,19900713,AUT,259,213,18.0,35.0,53.0,Gerald Melzer
163,105590,R,19900714,BLR,527,61,14.0,16.0,30.0,Uladzimir Ignatik
164,105596,R,19900724,CZE,894,15,1.0,4.0,5.0,Jan Satral
165,105613,R,19900813,SVK,114,535,25.0,55.0,80.0,Norbert Gombos
166,105614,L,19900820,USA,460,83,13.0,41.0,54.0,Bradley Klahn
167,105626,R,19900906,ZIM,984,11,4.0,7.0,11.0,Takanyi Garanganga
168,105633,R,19900919,EGY,464,82,11.0,23.0,34.0,Mohamed Safwat
169,105634,R,19900919,ITA,748,25,3.0,6.0,9.0,Viktor Galovic
170,105638,R,19900928,GBR,554,54,0.0,5.0,5.0,Daniel Cox
171,105641,L,19901005,SLO,295,170,13.0,23.0,36.0,Blaz Rola
172,105643,L,19901005,ARG,73,849,163.0,193.0,356.0,Federico Delbonis
173,105649,L,19901009,GER,211,284,32.0,50.0,82.0,Cedrik Marcel Stebe
174,105655,R,19901016,JPN,254,220,2.0,9.0,11.0,Hiroki Moriya
175,105656,R,19901017,ESA,883,15,25.0,18.0,43.0,Marcelo Arevalo
176,105657,R,19901017,ROU,268,202,65.0,90.0,155.0,Marius Copil
177,105662,R,19901027,MKD,1261,5,0.0,3.0,3.0,Tomislav Jotovski
178,105671,R,19901124,POR,172,346,29.0,56.0,85.0,Gastao Elias
179,105676,R,19901207,BEL,41,1113,312.0,211.0,523.0,David Goffin
180,105677,R,19901207,SRB,1523,2,1.0,1.0,2.0,Nikola Cacic
181,105679,R,19901217,COL,829,18,0.0,3.0,3.0,Eduardo Struvay
182,105683,R,19901227,CAN,245,226,377.0,184.0,561.0,Milos Raonic
183,105688,R,19910105,MEX,1373,3,6.0,6.0,12.0,Manuel Sanchez
184,105691,R,19910110,NED,1007,10,0.0,1.0,1.0,Scott Griekspoor
185,105692,R,19910111,ITA,655,35,0.0,1.0,1.0,Alessandro Bega
186,105723,R,19910222,RUS,215,272,79.0,100.0,179.0,Andrey Kuznetsov
187,105731,R,19910317,CAN,305,166,2.0,12.0,14.0,Steven Diez
188,105732,R,19910318,FRA,165,355,97.0,123.0,220.0,Pierre Hugues Herbert
189,105738,R,19910329,TPE,736,26,5.0,18.0,23.0,Tsung Hua Yang
190,105747,R,19910409,EGY,870,16,4.0,8.0,12.0,Karim Mohamed Maamoun
191,105751,U,19910430,ESP,597,46,0.0,1.0,1.0,Roberto Ortega Olmedo
192,105757,R,19910418,SUI,610,42,1.0,5.0,6.0,Sandro Ehrat
193,105777,R,19910516,BUL,21,1830,366.0,241.0,607.0,Grigor Dimitrov
194,105790,R,19910618,KOR,1397,3,11.0,8.0,19.0,Yong Kyu Lim
195,105806,R,19910712,BIH,227,250,33.0,38.0,71.0,Mirza Basic
196,105807,R,19910712,ESP,19,2135,248.0,197.0,445.0,Pablo Carreno Busta
197,105812,U,19910721,INA,1926,1,5.0,13.0,18.0,David Agung Susanto
198,105815,R,19910722,USA,203,301,47.0,75.0,122.0,Tennys Sandgren
199,105819,R,19910805,ARG,516,62,11.0,25.0,36.0,Guido Andreozzi
200,105826,U,19910814,COL,589,47,1.0,1.0,2.0,Alejandro Gomez Gb42
201,105827,R,19910814,LTU,1213,5,13.0,19.0,32.0,Laurynas Grigelis
202,105841,R,19910910,ITA,228,249,1.0,6.0,7.0,Lorenzo Giustino
203,105842,R,19910914,CHN,1037,9,21.0,33.0,54.0,Di Wu
204,105870,R,19911113,GER,112,543,27.0,33.0,60.0,Yannick Hanfmann
205,105871,R,19911118,USA,574,50,0.0,1.0,1.0,Sekou Bangoura
206,105872,R,19911120,SWE,718,28,5.0,13.0,18.0,Christian Lindell
207,105874,R,19911124,FRA,1087,8,5.0,9.0,14.0,Albano Olivetti
208,105877,R,19911128,ECU,155,415,16.0,22.0,38.0,Emilio Gomez
209,105882,R,19911228,ITA,124,508,29.0,54.0,83.0,Stefano Travaglia
210,105899,R,19920114,URU,384,112,4.0,18.0,22.0,Martin Cuevas
211,105902,R,19920121,AUS,71,853,47.0,78.0,125.0,James Duckworth
212,105905,R,19920124,SRB,577,49,2.0,3.0,5.0,Danilo Petrovic
213,105906,R,19920124,GER,862,16,1.0,4.0,5.0,Kevin Krawietz
214,105911,L,19920131,ARG,212,281,0.0,1.0,1.0,Andrea Collarini
215,105916,R,19920208,HUN,55,990,121.0,119.0,240.0,Marton Fucsovics
216,105917,R,19920209,FRA,1278,4,1.0,4.0,5.0,Gianni Mina
217,105932,R,19920223,GEO,26,1663,139.0,155.0,294.0,Nikoloz Basilashvili
218,105933,L,19920223,ECU,335,143,9.0,10.0,19.0,Roberto Quiroz
219,105934,R,19920224,CHN,1155,6,1.0,2.0,3.0,Chuhan Wang
220,105936,R,19920227,SRB,47,1045,115.0,114.0,229.0,Filip Krajinovic
221,105943,R,19920305,ITA,193,317,3.0,15.0,18.0,Federico Gaio
222,105948,R,19920309,ARG,65,923,35.0,40.0,75.0,Federico Coria
223,105952,R,19920315,ARG,178,334,23.0,33.0,56.0,Renzo Olivo
224,105954,U,19920317,HUN,970,12,3.0,4.0,7.0,Peter Nagy
225,105960,L,19920325,USA,651,35,1.0,4.0,5.0,Evan King
226,105967,R,19920331,SUI,89,721,49.0,70.0,119.0,Henri Laaksonen
227,105985,R,19920426,BAR,529,60,27.0,16.0,43.0,Darian King
228,105992,R,19920507,USA,604,44,120.0,159.0,279.0,Ryan Harrison
229,106000,R,19920520,BIH,167,354,123.0,137.0,260.0,Damir Dzumhur
230,106005,R,19920523,FRA,174,343,1.0,6.0,7.0,Constant Lestienne
231,106006,R,19920524,ARG,884,15,0.0,4.0,4.0,Agustin Velotti
232,106021,R,19920616,ROU,1221,5,2.0,0.0,2.0,Dragos Dima
233,106026,R,19920704,IND,635,38,28.0,32.0,60.0,Yuki Bhambri
234,106031,R,19920724,USA,867,16,0.0,1.0,1.0,Raymond Sarmiento
235,106032,R,19920804,ARG,746,25,1.0,16.0,17.0,Facundo Arguello
236,106034,R,19920805,JPN,257,215,11.0,26.0,37.0,Yasutaka Uchiyama
237,106043,R,19920816,ARG,15,2595,230.0,177.0,407.0,Diego Schwartzman
238,106044,R,19920816,ARG,217,270,19.0,29.0,48.0,Nicolas Kicker
239,106045,R,19920817,USA,77,816,64.0,116.0,180.0,Denis Kudla
240,106058,R,19920924,USA,110,552,175.0,142.0,317.0,Jack Sock
241,106065,R,19920930,ITA,160,370,67.0,111.0,178.0,Marco Cecchinato
242,106071,R,19921021,AUS,431,92,186.0,185.0,371.0,Bernard Tomic
243,106072,R,19921027,RUS,331,149,2.0,4.0,6.0,Alexey Vatutin
244,106074,U,19921031,KOR,1148,6,0.0,1.0,1.0,Jung Woong Na
245,106075,R,19921104,SVK,220,264,21.0,44.0,65.0,Jozef Kovalik
246,106078,R,19921111,BLR,149,429,61.0,55.0,116.0,Egor Gerasimov
247,106085,R,19921119,IRI,1354,4,1.0,0.0,1.0,Hamid Reza Nadaf
248,106099,R,19921215,ITA,206,290,19.0,44.0,63.0,Salvatore Caruso
249,106105,R,19921231,BRA,889,15,1.0,14.0,15.0,Guilherme Clezar
250,106106,U,19930102,GEO,1248,5,1.0,6.0,7.0,George Tsivadze
251,106109,L,19930105,AUS,209,288,13.0,26.0,39.0,Alex Bolt
252,106110,R,19930107,SVK,182,326,2.0,9.0,11.0,Filip Horansky
253,106120,R,19930126,ESP,1085,8,3.0,3.0,6.0,Ricardo Ojeda Lara
254,106121,R,19930127,JPN,109,562,62.0,99.0,161.0,Taro Daniel
255,106137,R,19930305,FRA,349,130,3.0,6.0,9.0,Tristan Lamasine
256,106138,R,19930305,BLR,1816,1,3.0,4.0,7.0,Yaraslav Shyla
257,106148,R,19930323,ESP,94,692,68.0,91.0,159.0,Roberto Carballes Baena
258,106162,L,19930415,ITA,148,430,0.0,1.0,1.0,Franco Agamenone
259,106165,U,19930418,ECU,657,35,0.0,1.0,1.0,Diego Hidalgo
260,106167,R,19930421,BEL,513,63,1.0,4.0,5.0,Joris De Loore
261,106169,U,19930422,UKR,1064,9,1.0,2.0,3.0,Vladyslav Manafov
262,106174,R,19930427,CHI,250,222,8.0,6.0,14.0,Gonzalo Lama
263,106175,R,19930428,VEN,757,25,22.0,10.0,32.0,Ricardo Rodriguez
264,106177,R,19930430,ESP,287,180,1.0,1.0,2.0,Oriol Roca Batalla
265,106186,R,19930519,AUS,119,527,4.0,9.0,13.0,Jason Kubler
266,106198,R,19930616,BOL,85,733,29.0,45.0,74.0,Hugo Dellien
267,106203,R,19930629,BRA,489,72,0.0,1.0,1.0,Pedro Sakamoto
268,106210,L,19930710,CZE,76,837,137.0,164.0,301.0,Jiri Vesely
269,106214,R,19930716,GER,61,945,18.0,22.0,40.0,Oscar Otte
270,106216,R,19930719,USA,176,342,22.0,39.0,61.0,Bjorn Fratangelo
271,106218,R,19930724,USA,53,1011,43.0,51.0,94.0,Marcos Giron
272,106220,R,19930728,BUL,179,334,14.0,14.0,28.0,Dimitar Kuzmanov
273,106223,R,19930810,GEO,685,32,2.0,7.0,9.0,Aleksandre Metreveli
274,106227,R,19930815,KOR,465,81,2.0,3.0,5.0,Ji Sung Nam
275,106228,R,19930815,ARG,140,468,35.0,50.0,85.0,Juan Ignacio Londero
276,106232,R,19930830,DOM,514,63,4.0,11.0,15.0,Roberto Cid
277,106233,R,19930903,AUT,198,305,308.0,173.0,481.0,Dominic Thiem
278,106234,R,19930904,RUS,40,1128,46.0,43.0,89.0,Aslan Karatsev
279,106238,R,19930914,ESP,801,20,0.0,1.0,1.0,Andres Artunedo Martinavarro
280,106247,L,19931004,SLO,1314,4,1.0,3.0,4.0,Nik Razborsek
281,106249,R,19931005,POR,337,139,7.0,7.0,14.0,Joao Domingues
282,106250,R,19931006,MEX,728,28,3.0,7.0,10.0,Luis Patino
283,106252,R,19931018,BRA,1047,9,1.0,2.0,3.0,Joao Pedro Sorgi
284,106261,R,19931106,USA,1014,10,5.0,11.0,16.0,Dennis Novikov
285,106281,L,19940104,GBR,144,451,10.0,20.0,30.0,Liam Broady
286,106283,R,19940112,USA,151,426,5.0,15.0,20.0,Mitchell Krueger
287,106288,R,19940118,FRA,304,167,1.0,4.0,5.0,Mathias Bourgue
288,106290,R,19940130,CAN,451,88,2.0,6.0,8.0,Filip Peliwo
289,106291,R,19940201,AUS,1076,8,2.0,7.0,9.0,Luke Saville
290,106293,R,19940207,BEL,278,188,3.0,15.0,18.0,Kimmer Coppejans
291,106296,R,19940216,FRA,186,322,12.0,30.0,42.0,Gregoire Barrere
292,106298,R,19940223,FRA,162,360,140.0,128.0,268.0,Lucas Pouille
293,106302,R,19940307,AUS,566,52,1.0,2.0,3.0,Andrew Harris
294,106311,R,19940405,SRB,640,37,0.0,1.0,1.0,Marko Tepavac
295,106321,U,19940512,CHN,1089,8,0.0,1.0,1.0,Xin Gao
296,106324,R,19940520,CZE,760,24,0.0,3.0,3.0,Vaclav Safranek
297,106328,R,19940529,USA,263,208,5.0,8.0,13.0,Christian Harrison
298,106329,L,19940531,BRA,99,641,65.0,88.0,153.0,Thiago Monteiro
299,106331,R,19940603,AUS,116,531,8.0,20.0,28.0,Christopher Oconnell
300,106333,R,19940604,BEL,1107,7,0.0,1.0,1.0,Julien Cagnina
301,106342,R,19940629,LAT,893,15,4.0,9.0,13.0,Martins Podzus
302,106348,R,19940807,RUS,272,199,0.0,1.0,1.0,Evgeny Karlovskiy
303,106353,R,19940903,SRB,356,126,3.0,4.0,7.0,Pedja Krstin
304,106361,R,19941008,CZE,823,19,6.0,9.0,15.0,Adam Pavlasek
305,106362,R,19941018,FRA,286,180,0.0,5.0,5.0,Laurent Lokoli
306,106368,R,19941108,IND,175,343,22.0,32.0,54.0,Ramkumar Ramanathan
307,106378,R,19950108,GBR,340,136,118.0,116.0,234.0,Kyle Edmund
308,106388,R,19950214,HKG,1643,2,0.0,2.0,2.0,Pak Long Yeung
309,106390,R,19950228,ITA,749,25,1.0,1.0,2.0,Matteo Donati
310,106391,R,19950306,SUI,1265,4,0.0,2.0,2.0,Adrian Bodmer
311,106393,L,19950318,POR,251,222,5.0,8.0,13.0,Frederico Ferreira Silva
312,106396,R,19950402,TPE,1211,5,0.0,1.0,1.0,Cheng Yu Yu
313,106397,R,19950408,THA,1372,4,12.0,10.0,22.0,Wishaya Trongcharoenchaikul
314,106398,R,19950412,ARG,142,461,4.0,5.0,9.0,Pedro Cachin
315,106401,R,19950427,AUS,78,803,180.0,105.0,285.0,Nick Kyrgios
316,106408,R,19950703,ESP,240,232,4.0,6.0,10.0,Mario Vilella Martinez
317,106410,U,19950722,PER,648,36,3.0,2.0,5.0,Jorge Brian Panta Herreros
318,106412,U,19950811,MEX,1422,3,3.0,13.0,16.0,Lucas Gomez
319,106415,L,19950927,JPN,102,619,80.0,103.0,183.0,Yoshihito Nishioka
320,106420,L,19960201,ITA,944,12,1.0,4.0,5.0,Gianluigi Quinzi
321,106421,R,19960211,RUS,2,8160,241.0,105.0,346.0,Daniil Medvedev
322,106423,R,19960410,AUS,86,728,43.0,56.0,99.0,Thanasi Kokkinakis
323,106426,R,19960530,CHI,33,1258,94.0,83.0,177.0,Cristian Garin
324,106432,R,19961114,CRO,244,228,171.0,151.0,322.0,Borna Coric
325,108772,R,19940614,LTU,1453,3,0.0,4.0,4.0,Julius Tverijonas
326,109054,R,19941106,GER,236,239,1.0,5.0,6.0,Daniel Masur
327,109303,R,19950411,ITA,531,60,1.0,2.0,3.0,Stefano Napolitano
328,109640,L,19931008,ITA,631,39,0.0,1.0,1.0,Andrea Basso
329,109699,R,19930217,GER,299,169,0.0,2.0,2.0,Julian Lenz
330,109737,R,19940518,GRE,899,15,1.0,1.0,2.0,Markos Kalovelonis
331,109739,L,19950615,GER,208,288,25.0,54.0,79.0,Maximilian Marterer
332,110536,U,19910228,USA,734,26,1.0,6.0,7.0,Kevin King
333,110602,R,19930828,AUT,154,417,25.0,48.0,73.0,Dennis Novak
334,110686,R,19900927,NZL,1816,1,1.0,4.0,5.0,Finn Tearney
335,110748,R,19950619,SRB,164,358,6.0,8.0,14.0,Nikola Milojevic
336,110754,R,19940623,ESP,1504,2,0.0,1.0,1.0,David Vega Hernandez
337,110778,R,19961217,BRA,372,116,0.0,3.0,3.0,Joao Menezes
338,111153,R,19960505,USA,156,408,6.0,19.0,25.0,Christopher Eubanks
339,111187,R,19940823,JPN,267,205,1.0,0.0,1.0,Kaichi Uchida
340,111190,R,19961016,CHN,266,206,6.0,9.0,15.0,Zhizhen Zhang
341,111192,R,19960621,AUT,291,177,0.0,3.0,3.0,Lucas Miedler
342,111197,R,19950408,SWE,462,83,1.0,1.0,2.0,Jonathan Mridha
343,111200,R,19960410,SWE,132,485,29.0,54.0,83.0,Elias Ymer
344,111202,R,19960519,KOR,495,71,84.0,69.0,153.0,Hyeon Chung
345,111442,R,19940420,AUS,74,848,82.0,106.0,188.0,Jordan Thompson
346,111453,R,19940508,DEN,360,124,5.0,7.0,12.0,Mikael Torpegaard
347,111454,R,19960527,AUS,309,162,0.0,2.0,2.0,Li Tu
348,111456,R,19950416,USA,51,1021,53.0,69.0,122.0,Mackenzie Mcdonald
349,111459,R,19940107,IND,533,59,0.0,4.0,4.0,Arjun Kadhe
350,111460,R,19961026,FRA,88,723,7.0,26.0,33.0,Quentin Halys
351,111505,R,19950301,FRA,190,318,1.0,3.0,4.0,Enzo Couacaud
352,111506,R,19950608,FRA,707,29,0.0,3.0,3.0,Maxime Hamou
353,111511,R,19960221,USA,499,70,8.0,21.0,29.0,Noah Rubin
354,111513,R,19950602,SRB,54,991,87.0,94.0,181.0,Laslo Djere
355,111515,R,19950213,USA,417,97,0.0,6.0,6.0,Thai Son Kwiatkowski
356,111574,R,19950628,USA,368,119,0.0,4.0,4.0,Jc Aragone
357,111575,R,19960521,RUS,23,1755,191.0,150.0,341.0,Karen Khachanov
358,111576,R,19970816,IND,359,124,4.0,17.0,21.0,Sumit Nagal
359,111578,R,19980201,USA,111,551,9.0,21.0,30.0,Stefan Kozlov
360,111581,R,19980110,USA,180,330,11.0,26.0,37.0,Michael Mmoh
361,111761,R,19930304,ZIM,448,89,8.0,3.0,11.0,Benjamin Lock
362,111781,L,19940629,LAT,1926,1,0.0,6.0,6.0,Janis Podzus
363,111790,R,19950704,CAN,283,186,4.0,19.0,23.0,Brayden Schnur
364,111794,R,19960113,POL,81,774,24.0,33.0,57.0,Kamil Majchrzak
365,111795,R,19960110,ITA,492,72,0.0,3.0,3.0,Filippo Baldi
366,111797,R,19951011,CHI,135,481,54.0,62.0,116.0,Nicolas Jarry
367,111805,R,19970630,KOR,580,48,2.0,3.0,5.0,Seong Chan Hong
368,111815,L,19950823,GBR,11,3500,129.0,98.0,227.0,Cameron Norrie
369,117353,R,19980529,KOR,506,67,1.0,2.0,3.0,Duck Hee Lee
370,117356,R,19950821,TUR,222,262,7.0,25.0,32.0,Cem Ilkel
371,117357,L,19970518,AUS,472,79,1.0,3.0,4.0,Omar Jasika
372,117358,R,19960124,AUS,843,17,1.0,1.0,2.0,Harry Bourchier
373,117360,R,19970502,AUS,252,220,5.0,14.0,19.0,Marc Polmans
374,117361,R,19970522,AUS,392,110,2.0,7.0,9.0,Akira Santillan
375,117365,R,19960408,CYP,653,35,3.0,8.0,11.0,Petros Chrysochos
376,120424,R,19891028,GER,784,22,9.0,17.0,26.0,Yannick Maden
377,121366,U,19940408,KUW,1816,1,0.0,1.0,1.0,Abdulhamid Mubarak
378,121411,R,19930110,TUN,445,90,0.0,1.0,1.0,Moez Echargui
379,121531,L,19920620,GER,125,507,1.0,2.0,3.0,Mats Moraing
380,121896,U,19910630,HUN,1539,2,1.0,4.0,5.0,Gabor Borsos
381,121971,R,19920706,PER,1926,1,0.0,1.0,1.0,Duilio Vallebuona
382,122078,R,19961024,KAZ,184,324,4.0,5.0,9.0,Dmitry Popko
383,122109,U,19940729,UZB,675,33,2.0,13.0,15.0,Sanjar Fayziev
384,122298,R,19951004,NED,29,1408,35.0,24.0,59.0,Botic Van De Zandschulp
385,122321,R,19940419,UKR,1067,9,1.0,0.0,1.0,Marat Deviatiarov
386,122330,R,19970617,KAZ,42,1108,83.0,83.0,166.0,Alexander Bublik
387,122471,U,19940202,UKR,706,29,0.0,1.0,1.0,Danylo Kalenichenko
388,122533,R,19970225,VIE,477,77,3.0,3.0,6.0,Nam Hoang Ly
389,122548,U,19970319,ISR,542,58,4.0,6.0,10.0,Edan Leshem
390,122635,L,19920831,PER,1265,4,0.0,1.0,1.0,Alexander Merino
391,122669,R,19951006,PER,115,532,12.0,16.0,28.0,Juan Pablo Varillas
392,123755,R,19960618,COL,108,575,26.0,28.0,54.0,Daniel Elahi Galan
393,123768,R,19951207,USA,955,12,0.0,2.0,2.0,Collin Altamirano
394,123795,U,19960907,TUR,189,321,10.0,7.0,17.0,Altug Celikbilek
395,123828,R,19960610,GER,550,55,0.0,1.0,1.0,Jan Choinski
396,123915,R,19970409,LAT,1926,1,0.0,2.0,2.0,Arturs Lazdins
397,123921,R,19950128,FRA,326,153,2.0,8.0,10.0,Calvin Hemery
398,123961,U,19970916,BOL,434,92,1.0,1.0,2.0,Murkel Alejandro Dellien Velasco
399,123983,U,19941024,BIH,276,190,2.0,4.0,6.0,Nerman Fatic
400,124013,R,19970311,USA,909,14,0.0,1.0,1.0,Eduardo Nava
401,124014,R,19960704,USA,138,472,20.0,34.0,54.0,Ernesto Escobedo
402,124079,R,19970426,ESP,45,1048,39.0,44.0,83.0,Pedro Martinez
403,124116,R,19960512,AUT,210,286,10.0,13.0,23.0,Sebastian Ofner
404,124126,R,19970612,TUR,1263,5,1.0,0.0,1.0,Sarp Agabigun
405,124154,R,19970114,IND,430,93,0.0,1.0,1.0,Sasi Kumar Mukund
406,124186,R,19970201,FRA,224,261,1.0,5.0,6.0,Alexandre Muller
407,124187,R,19970828,USA,18,2145,87.0,79.0,166.0,Reilly Opelka
408,125572,R,19950616,HAI,1480,3,0.0,4.0,4.0,Hillel Rousseau
409,125802,R,19940224,BLR,49,1035,65.0,62.0,127.0,Ilya Ivashka
410,125842,R,19950426,SUI,891,15,1.0,1.0,2.0,Adam Moundir
411,126094,R,19971020,RUS,8,4260,215.0,120.0,335.0,Andrey Rublev
412,126102,R,19971115,ROU,583,48,0.0,1.0,1.0,Nicolae Frunza
413,126107,R,19950117,BEL,285,183,1.0,0.0,1.0,Michael Geerts
414,126120,U,19961213,CRO,183,325,2.0,7.0,9.0,Nino Serdarusic
415,126125,R,19961018,FRA,288,179,0.0,5.0,5.0,Maxime Janvier
416,126127,R,19960609,FRA,58,971,14.0,21.0,35.0,Benjamin Bonzi
417,126128,R,19970807,RUS,143,456,9.0,11.0,20.0,Roman Safiullin
418,126149,R,19941201,ITA,122,515,24.0,35.0,59.0,Gianluca Mager
419,126152,U,19940415,USA,1134,7,0.0,1.0,1.0,Ryan Shane
420,126156,R,19951104,FRA,241,231,6.0,13.0,19.0,Antoine Hoang
421,126185,R,19970408,RUS,416,98,0.0,2.0,2.0,Evgenii Tiurnev
422,126190,R,19960608,PER,369,118,7.0,3.0,10.0,Nicolas Alvarez
423,126197,R,19980208,BRA,314,159,1.0,1.0,2.0,Orlando Luz
424,126203,R,19971028,USA,14,2920,152.0,130.0,282.0,Taylor Fritz
425,126204,U,19950512,MEX,654,35,5.0,7.0,12.0,Gerardo Lopez Villasenor
426,126205,R,19970517,USA,39,1138,67.0,64.0,131.0,Tommy Paul
427,126207,R,19980120,USA,27,1621,114.0,128.0,242.0,Frances Tiafoe
428,126208,R,19971017,JPN,686,32,0.0,1.0,1.0,Yusuke Takahashi
429,126209,,19960305,DOM,576,50,1.0,1.0,2.0,Peter Bertran
430,126214,L,19970602,CHI,82,763,17.0,16.0,33.0,Alejandro Tabilo
431,126237,R,19980213,ITA,169,353,1.0,3.0,4.0,Gian Marco Moroni
432,126239,R,19950723,FRA,60,946,29.0,29.0,58.0,Arthur Rinderknech
433,126328,R,19960629,BUL,904,15,0.0,1.0,1.0,Gabriel Donev
434,126340,R,19970319,NOR,332,148,6.0,17.0,23.0,Viktor Durasovic
435,126409,R,19960323,FRA,150,429,1.0,3.0,4.0,Hugo Grenier
436,126502,U,19951024,ESP,1687,2,1.0,0.0,1.0,Luis Diego Chavez Villalpando
437,126504,R,19970323,ITA,187,322,1.0,1.0,2.0,Andrea Pellegrino
438,126523,R,19970112,ESP,97,671,12.0,21.0,33.0,Bernabe Zapata Miralles
439,126530,R,19950928,IRL,1614,2,1.0,1.0,2.0,Peter Bothwell
440,126535,R,19970808,ESP,91,715,13.0,19.0,32.0,Carlos Taberner
441,126555,R,19980512,TPE,214,276,2.0,2.0,4.0,Tung Lin Wu
442,126573,R,19950225,AUS,660,35,0.0,1.0,1.0,Thomas Fancutt
443,126591,R,19961116,POL,885,15,0.0,1.0,1.0,Jan Zielinski
444,126609,L,19970305,FIN,779,23,1.0,3.0,4.0,Patrik Niklas Salminen
445,126610,R,19960412,ITA,10,3805,121.0,70.0,191.0,Matteo Berrettini
446,126612,R,19950428,MDA,701,30,0.0,3.0,3.0,Alexander Cozbinov
447,126613,L,19970405,ROU,1358,4,1.0,0.0,1.0,Bogdan Borza
448,126623,U,19971027,AUT,458,84,1.0,1.0,2.0,Alexander Erler
449,126627,R,19970323,SUI,281,187,1.0,3.0,4.0,Johan Nikles
450,126646,R,19970424,NED,205,298,0.0,2.0,2.0,Tim Van Rijthoven
451,126652,R,19980727,GBR,163,360,2.0,9.0,11.0,Jay Clarke
452,126663,R,19970124,ARG,185,324,1.0,2.0,3.0,Juan Pablo Ficovich
453,126689,U,19970225,LTU,1218,5,0.0,5.0,5.0,Tadas Babelis
454,126762,L,19970715,GEO,898,15,0.0,1.0,1.0,Aleksandre Bakshi
455,126774,R,19980812,GRE,5,6100,223.0,106.0,329.0,Stefanos Tsitsipas
456,126845,R,19980403,AUS,159,372,6.0,9.0,15.0,Max Purcell
457,126846,R,19960406,AUS,127,504,6.0,10.0,16.0,Aleksandar Vukic
458,126939,R,19981027,UZB,382,113,1.0,2.0,3.0,Khumoun Sultanov
459,126952,R,19971202,KOR,75,844,46.0,46.0,92.0,Soon Woo Kwon
460,126964,R,19970714,UKR,255,219,0.0,2.0,2.0,Vitaliy Sachko
461,127157,R,19980912,GER,59,965,15.0,27.0,42.0,Daniel Altmaier
462,127300,U,19980604,UZB,1201,5,2.0,1.0,3.0,Jurabek Karimov
463,127326,U,19970602,ISR,563,53,0.0,2.0,2.0,Ben Patael
464,127339,R,19980227,CRO,192,317,5.0,7.0,12.0,Borna Gojo
465,127760,R,19980322,SVK,225,259,2.0,4.0,6.0,Lukas Klein
466,128034,R,19970211,POL,13,3258,108.0,86.0,194.0,Hubert Hurkacz
467,131905,U,19951115,FRA,152,424,2.0,3.0,5.0,Manuel Guinard
468,131934,U,19950505,ITA,261,209,1.0,1.0,2.0,Andrea Vavassori
469,131951,U,19950709,ISR,424,94,1.0,3.0,4.0,Daniel Cukierman
470,132283,R,19950511,ITA,32,1260,79.0,82.0,161.0,Lorenzo Sonego
471,132374,R,19950331,CAN,976,12,0.0,2.0,2.0,Jesse Flores
472,132482,R,19980122,USA,1389,3,0.0,4.0,4.0,Liam Caruana
473,132686,R,19970219,POR,130,487,2.0,3.0,5.0,Nuno Borges
474,133018,R,19960606,CYP,386,112,1.0,9.0,10.0,Michail Pervolarakis
475,133297,R,19980412,JPN,229,248,7.0,6.0,13.0,Yosuke Watanuki
476,133430,L,19990415,CAN,16,2531,152.0,118.0,270.0,Denis Shapovalov
477,133835,L,19960314,NED,230,247,2.0,1.0,3.0,Gijs Brouwer
478,133975,R,19950204,GER,322,156,8.0,2.0,10.0,Benjamin Hassan
479,133979,R,19950817,GER,1643,2,0.0,1.0,1.0,Hasan Ibrahim
480,134087,R,19970701,DEN,737,26,0.0,1.0,1.0,Johannes Ingildsen
481,134120,R,19960909,TPE,986,11,2.0,2.0,4.0,Kuan Yi Lee
482,134472,U,19961018,SUI,318,158,1.0,5.0,6.0,Antoine Bellier
483,134677,R,19960412,PAR,1504,2,1.0,4.0,5.0,Juan Borba
484,134770,R,19981222,NOR,6,5050,146.0,80.0,226.0,Casper Ruud
485,134840,U,19970504,ITA,313,160,0.0,1.0,1.0,Raul Brancaccio
486,134868,R,19960702,NED,56,984,15.0,27.0,42.0,Tallon Griekspoor
487,136440,L,19940429,GER,96,671,36.0,43.0,79.0,Dominik Koepfer
488,138846,R,19980830,HKG,1101,8,3.0,2.0,5.0,Hong Kit Jack Wong
489,144642,R,19971210,CHI,126,506,2.0,6.0,8.0,Tomas Barrios Vera
490,144645,R,19961009,CZE,117,531,1.0,2.0,3.0,Zdenek Kolar
491,144650,R,19960206,GBR,1234,5,1.0,0.0,1.0,Rhett Purcell
492,144684,L,19971201,SVK,46,1046,22.0,15.0,37.0,Alex Molcan
493,144707,R,19980909,SWE,83,750,45.0,52.0,97.0,Mikael Ymer
494,144719,R,19970505,ESP,92,700,54.0,79.0,133.0,Jaume Munar
495,144747,R,19961018,ZIM,1666,2,0.0,2.0,2.0,Courtney John Lock
496,144750,R,19970224,RSA,37,1170,68.0,68.0,136.0,Lloyd Harris
497,144760,U,19970911,MAR,1712,1,2.0,6.0,8.0,Amine Ahouda
498,144773,,19970108,DOM,1816,1,1.0,4.0,5.0,Jose Olivares
499,144807,L,19980403,EST,1157,6,0.0,1.0,1.0,Kenneth Raisma
500,144813,R,19970214,DEN,1197,5,1.0,2.0,3.0,Benjamin Hannestad
501,144814,R,19970201,FIN,1253,5,0.0,2.0,2.0,Eero Vasa
502,144817,L,19960624,SUI,123,512,6.0,8.0,14.0,Marc Andrea Huesler
503,144826,L,19970326,TUN,436,92,3.0,4.0,7.0,Aziz Dougaz
504,144841,R,19970314,DEN,819,19,3.0,3.0,6.0,Christian Sigsgaard
505,144869,R,19990718,ARG,90,718,2.0,8.0,10.0,Tomas Martin Etcheverry
506,144895,L,19990419,FRA,128,496,36.0,51.0,87.0,Corentin Moutet
507,144923,R,19980827,GER,321,157,1.0,1.0,2.0,Louis Wessels
508,144932,U,19980616,EST,1194,6,2.0,0.0,2.0,Kristjan Tamm
509,144940,U,19980203,EST,1139,6,0.0,2.0,2.0,Mattias Siimar
510,144946,R,20000911,FRA,725,28,0.0,1.0,1.0,Rayane Roumane
511,144949,R,19990302,CYP,1012,10,0.0,2.0,2.0,Menelaos Efstathiou
512,144972,R,19980808,FRA,181,326,0.0,2.0,2.0,Geoffrey Blancaneaux
513,144973,R,19990716,ARG,194,316,0.0,1.0,1.0,Santiago Fa Rodriguez Taverna
514,144984,R,19990131,RUS,683,32,0.0,1.0,1.0,Artem Dubrivnyy
515,144985,R,19990127,TUR,312,160,1.0,2.0,3.0,Ergi Kirkin
516,200000,R,20000808,CAN,9,3955,127.0,88.0,215.0,Felix Auger Aliassime
517,200005,L,19980626,FRA,48,1044,65.0,70.0,135.0,Ugo Humbert
518,200008,R,19990302,CAN,293,174,0.0,1.0,1.0,Alexis Galarneau
519,200031,R,19960826,MON,467,81,1.0,6.0,7.0,Lucas Catarina
520,200059,R,19991014,CHN,617,40,4.0,8.0,12.0,Yibing Wu
521,200075,L,20000105,ISR,355,126,1.0,4.0,5.0,Yshai Oliel
522,200080,U,19950803,THA,2093,1,0.0,2.0,2.0,Puriwat Chatpatcharoen
523,200095,R,20000320,ESP,253,220,3.0,7.0,10.0,Nicola Kuhn
524,200096,L,19970912,ROU,319,158,0.0,2.0,2.0,Dragos Nicolae Madaras
525,200116,R,19990617,ARG,137,475,1.0,1.0,2.0,Camilo Ugo Carabelli
526,200125,R,19990318,UKR,926,13,0.0,1.0,1.0,Mykyta Mashtakov
527,200175,R,19990831,SRB,31,1386,80.0,74.0,154.0,Miomir Kecmanovic
528,200218,R,19980813,HUN,269,200,0.0,3.0,3.0,Mate Valkusz
529,200221,R,19990605,ESP,30,1400,55.0,57.0,112.0,Alejandro Davidovich Fokina
530,200240,U,19970615,CZE,146,437,5.0,4.0,9.0,Vit Kopriva
531,200247,R,19971106,BUL,378,115,2.0,5.0,7.0,Alexandar Lazarov
532,200250,R,19991106,ZIM,1501,3,0.0,4.0,4.0,Mehluli Don Ayanda Sibanda
533,200265,R,19980325,USA,308,163,0.0,1.0,1.0,Ulises Blanch
534,200267,R,19990603,BEL,168,354,3.0,6.0,9.0,Zizou Bergs
535,200270,R,19971126,LUX,833,18,0.0,3.0,3.0,Alex Knaff
536,200273,U,19980821,LBN,409,102,5.0,4.0,9.0,Hady Habib
537,200278,R,19991107,IRL,652,35,0.0,2.0,2.0,Simon Carr
538,200282,R,19990217,AUS,22,1825,131.0,95.0,226.0,Alex De Minaur
539,200297,U,19990807,TUN,1002,11,1.0,1.0,2.0,Aziz Ouakaa
540,200303,R,19981118,RUS,139,472,1.0,5.0,6.0,Pavel Kotov
541,200310,U,20010710,BLR,1108,7,0.0,1.0,1.0,Alexander Zgirovsky
542,200325,R,19990402,FIN,62,945,51.0,48.0,99.0,Emil Ruusuvuori
543,200335,R,19980219,BRA,195,313,1.0,2.0,3.0,Felipe Meligeni Alves
544,200336,R,19990824,USA,1453,3,0.0,1.0,1.0,Trent Bryde
545,200368,R,19990415,CAN,1523,2,0.0,1.0,1.0,Jack Mingjie Lin
546,200374,U,20010518,ESP,275,191,0.0,1.0,1.0,Nicolas Alvarez Varona
547,200384,L,20000926,FRA,66,912,18.0,23.0,41.0,Hugo Gaston
548,200390,R,19990121,POL,271,199,3.0,4.0,7.0,Kacper Zuk
549,200416,R,19980422,DEN,783,22,3.0,1.0,4.0,August Holmgren
550,200436,R,19991013,HUN,188,321,4.0,4.0,8.0,Zsombor Piros
551,200484,R,20001026,GER,511,64,4.0,10.0,14.0,Rudolf Molleker
552,200514,L,19990516,AUT,129,492,7.0,14.0,21.0,Jurij Rodionov
553,200516,R,19991028,USA,638,37,0.0,1.0,1.0,Patrick Kypson
554,200553,R,20000224,RUS,1358,4,1.0,1.0,2.0,Alen Avidzba
555,200572,U,20000920,DOM,339,137,1.0,2.0,3.0,Nick Hardt
556,200574,R,19980801,CAN,560,54,1.0,1.0,2.0,Alexander Donski
557,200589,U,19990301,USA,524,61,0.0,1.0,1.0,Sam Riffice
558,200611,R,19981002,FRA,447,89,1.0,6.0,7.0,Elliot Benchetrit
559,200615,R,19990805,AUS,100,626,40.0,60.0,100.0,Alexei Popyrin
560,200622,,19971213,PAR,1926,1,1.0,1.0,2.0,Hernando Jose Escurra Isnardi
561,200624,R,20000705,USA,38,1166,50.0,33.0,83.0,Sebastian Korda
562,200670,R,19981221,USA,133,483,6.0,10.0,16.0,J J Wolf
563,200672,R,20010201,UZB,408,102,0.0,2.0,2.0,Sergey Fomin
564,200711,R,20000211,COL,292,175,0.0,6.0,6.0,Nicolas Mejia
565,201995,U,20000703,ECU,689,32,1.0,1.0,2.0,Cayetano March
566,202058,R,20010410,ARG,201,303,0.0,1.0,1.0,Thiago Agustin Tirante
567,202065,U,20000727,GRE,754,25,3.0,3.0,6.0,Petros Tsitsipas
568,202090,R,20010512,BUL,400,107,2.0,7.0,9.0,Adrian Andreev
569,202103,R,19980813,ARG,44,1051,16.0,18.0,34.0,Francisco Cerundolo
570,202104,R,20001228,ARG,36,1203,22.0,18.0,40.0,Sebastian Baez
571,202120,R,19940123,JAM,1224,5,1.0,2.0,3.0,Rowland Phillips
572,202122,L,19990609,JPN,488,72,1.0,0.0,1.0,Yuta Shimizu
573,202130,R,19970420,USA,723,28,0.0,1.0,1.0,Emil Reinberg
574,202195,R,19970508,USA,67,909,17.0,19.0,36.0,Maxime Cressy
575,202197,U,20010625,ESP,363,121,0.0,1.0,1.0,Carlos Gimeno Valero
576,202261,R,20010621,FIN,306,166,2.0,3.0,5.0,Otto Virtanen
577,202262,U,20010918,ROU,311,161,1.0,1.0,2.0,Filip Cristian Jianu
578,202358,R,20010808,TPE,104,604,3.0,5.0,8.0,Chun Hsin Tseng
579,202359,U,19990118,GER,385,112,0.0,1.0,1.0,Marvin Moeller
580,202378,U,19990712,ARG,633,39,0.0,1.0,1.0,Ignacio Carou
581,202385,R,20001026,USA,34,1217,27.0,17.0,44.0,Jenson Brooksby
582,202398,R,19991226,CZE,493,72,0.0,1.0,1.0,Michael Vrbensky
583,202400,R,19980622,GBR,289,178,0.0,2.0,2.0,Alastair Gray
584,202475,R,20001110,RSA,1373,3,2.0,0.0,2.0,Philip Henning
585,205734,R,20000310,BRA,264,208,9.0,15.0,24.0,Thiago Seyboth Wild
586,206173,R,20010816,ITA,12,3355,108.0,51.0,159.0,Jannik Sinner
587,206589,U,19990711,ROU,697,30,0.0,1.0,1.0,Gabi Adrian Boitan
588,206600,R,20000604,GEO,1128,7,0.0,1.0,1.0,Zura Tkemaladze
589,206642,R,20000810,MAR,1643,2,0.0,1.0,1.0,Yassir Kilani
590,206681,R,19991008,HUN,329,152,0.0,1.0,1.0,Fabian Marozsan
591,206703,R,19991031,GBR,231,246,0.0,2.0,2.0,Paul Jubb
592,206716,U,20001115,NOR,1241,5,1.0,0.0,1.0,Lukas Hellum Lilleengen
593,206748,L,20011207,ITA,202,302,0.0,4.0,4.0,Giulio Zeppieri
594,206750,U,20000512,EST,977,12,1.0,1.0,2.0,Daniil Glinka
595,206909,R,20010803,USA,64,932,29.0,25.0,54.0,Brandon Nakashima
596,207139,R,19991205,THA,1491,3,2.0,2.0,4.0,Palaphoom Kovapitukted
597,207182,R,20011202,USA,243,230,0.0,4.0,4.0,Emilio Nava
598,207213,R,20010205,CRO,234,241,1.0,1.0,2.0,Duje Ajdukovic
599,207249,R,20000316,GRE,1503,3,1.0,0.0,1.0,Alexandros Skorilas
600,207277,,20010507,UKR,694,31,0.0,1.0,1.0,Illia Biloborodko
601,207401,R,20000328,KEN,1926,1,0.0,1.0,1.0,Sheil Kotecha
602,207415,U,20000111,POL,282,187,1.0,0.0,1.0,Daniel Michalski
603,207457,R,20010527,POL,1118,7,0.0,1.0,1.0,Wojciech Marek
604,207518,R,20020303,ITA,57,972,39.0,37.0,76.0,Lorenzo Musetti
605,207608,R,20010121,RUS,207,289,1.0,3.0,4.0,Timofey Skatov
606,207669,U,19990915,GER,744,26,1.0,1.0,2.0,Robert Strombachs
607,207678,L,20011115,ARG,120,522,9.0,11.0,20.0,Juan Manuel Cerundolo
608,207680,L,20001215,ARG,246,226,0.0,2.0,2.0,Facundo Diaz Acosta
609,207733,L,20011222,GBR,106,585,4.0,5.0,9.0,Jack Draper
610,207738,L,20000114,VEN,2133,1,0.0,3.0,3.0,Brandon Perez
611,207797,R,20010310,CZE,235,240,3.0,1.0,4.0,Jonas Forejtek
612,207799,U,20010401,BRA,221,264,2.0,1.0,3.0,Matheus Pucinelli De Almeida
613,207826,R,19991207,EST,1560,2,0.0,1.0,1.0,Siim Troost
614,207830,R,20001013,CZE,147,436,7.0,8.0,15.0,Tomas Machac
615,207834,R,19990623,MEX,539,59,0.0,1.0,1.0,Juan Alejandro Hernandez Serrano
616,207925,U,20020506,ITA,157,399,1.0,2.0,3.0,Flavio Cobolli
617,207972,,20011022,KOR,1926,1,0.0,1.0,1.0,Minjong Park
618,207973,,20030726,LTU,2061,1,0.0,1.0,1.0,Ainius Sabaliauskas
619,207989,R,20030505,ESP,7,5005,65.0,22.0,87.0,Carlos Alcaraz
620,208004,R,20020204,FRA,421,96,0.0,2.0,2.0,Harold Mayot
621,208013,R,20010212,AUS,399,108,1.0,1.0,2.0,Dane Sweeny
622,208014,U,20010223,AUS,239,236,0.0,1.0,1.0,Rinky Hijikata
623,208028,U,20020416,URU,1019,10,1.0,1.0,2.0,Francisco Llanes
624,208029,R,20030429,DEN,28,1489,27.0,25.0,52.0,Holger Rune
625,208055,R,19990118,NZL,764,24,1.0,2.0,3.0,Ajeet Rai
626,208103,R,20011108,CZE,79,791,4.0,10.0,14.0,Jiri Lehecka
627,208134,R,20030806,ITA,199,304,0.0,2.0,2.0,Luca Nardi
628,208230,R,20020817,RUS,381,114,0.0,2.0,2.0,Alibek Kachmazov
629,208260,R,20021129,USA,391,110,1.0,3.0,4.0,Zachary Svajda
630,208278,R,20030602,JPN,404,105,0.0,2.0,2.0,Shintaro Mochizuki
631,208286,R,20010222,GBR,233,242,0.0,1.0,1.0,Matteo Arnaldi
632,208364,L,20000206,URU,1069,9,0.0,2.0,2.0,Franco Roncadelli
633,208502,L,20020816,SUI,200,303,5.0,3.0,8.0,Dominic Stricker
634,208518,R,20000101,UNK,665,34,1.0,1.0,2.0,Hazem Naw
635,208597,R,20040606,HKG,1027,10,0.0,1.0,1.0,Chak Lam Coleman Wong
636,208819,U,20030913,GER,849,17,0.0,1.0,1.0,Max Hans Rehberg
637,208843,,20030212,SUI,618,40,1.0,0.0,1.0,Jerome Kym
638,208859,R,20010107,ITA,273,196,0.0,1.0,1.0,Francesco Passaro
639,208937,R,20010126,THA,1017,10,1.0,2.0,3.0,Kasidit Samrej
640,209070,R,20020823,FRA,342,135,1.0,2.0,3.0,Arthur Cazaux
641,209080,R,20011126,USA,875,16,2.0,2.0,4.0,Blaise Bicknell
642,209098,R,20030718,SRB,407,102,0.0,2.0,2.0,Hamad Medjedovic
643,209119,U,20020325,MAR,1816,1,1.0,0.0,1.0,Aissa Benchakroun
644,209147,U,20041229,LTU,1059,9,0.0,1.0,1.0,Vilius Gaubas
645,209225,U,20040421,PAR,1712,1,1.0,1.0,2.0,Martin Antonio Vergara Del Puerto
646,209226,R,20040428,PAR,1233,5,2.0,2.0,4.0,Adolfo Daniel Vallejo
647,209262,R,20010226,AUS,466,81,0.0,1.0,1.0,Tristan Schoolkate
648,209362,R,20010407,GRE,1135,7,1.0,1.0,2.0,Aristotelis Thanos
649,209857,R,20020127,SUI,296,170,0.0,2.0,2.0,Leandro Riedi
650,209863,R,20030515,SWE,825,19,0.0,1.0,1.0,Leo Borg
651,209866,R,20020615,LAT,1494,3,0.0,1.0,1.0,Karlis Ozolins
652,209867,R,20030508,BLR,2133,1,1.0,2.0,3.0,Daniil Ostapenkov
653,209871,U,19990304,EGY,996,11,1.0,1.0,2.0,Amr Elsayed Abdou Ahmed Mohamed
654,209874,U,20030706,POL,752,25,1.0,0.0,1.0,Maks Kasnikowski
655,209903,R,20020906,AUT,437,91,0.0,1.0,1.0,Lukas Neumayer
656,209916,U,20030913,SRB,636,38,0.0,2.0,2.0,Marko Topo
657,209992,U,20050202,CHN,406,102,0.0,3.0,3.0,Juncheng Shang
658,210107,U,20040604,SLO,1712,1,1.0,1.0,2.0,Bor Artnak 
659,210220,U,20040101,LTU,1688,2,0.0,1.0,1.0,Edas Butvilas
660,210250,U,20041019,BLR,1063,9,0.0,1.0,1.0,Erik Arutiunian
661,210274,U,20030513,SLO,1443,3,0.0,1.0,1.0,Sebastian Dominko
662,210308,U,20041104,CYP,1389,3,0.0,1.0,1.0,Stylianos Christodoulou
